Date received,Product,Sub-product,Issue,Sub-issue,Company,State,ZIP code,Submitted via,Date sent to company,Company response to consumer,Timely response?,Consumer disputed?,Complaint ID
07/29/2013,Consumer Loan,Vehicle loan,Managing the loan or lease,,Wells Fargo & Company,VA,24540,Phone,07/30/2013,Closed with explanation,Yes,No,468882
07/29/2013,Bank account or service,Checking account,Using a debit or ATM card,,Wells Fargo & Company,CA,95992,Web,07/31/2013,Closed with explanation,Yes,No,468889
07/29/2013,Bank account or service,Checking account,"Account opening, closing, or management",,Santander Bank US,NY,10065,Fax,07/31/2013,Closed,Yes,No,468879
07/29/2013,Bank account or service,Checking account,Deposits and withdrawals,,Wells Fargo & Company,GA,30084,Web,07/30/2013,Closed with explanation,Yes,No,468949
07/29/2013,Mortgage,Conventional fixed mortgage,"Loan servicing, payments, escrow account",,Franklin Credit Management,CT,6106,Web,07/30/2013,Closed with explanation,Yes,No,475823
07/29/2013,Bank account or service,Checking account,Deposits and withdrawals,,Bank of America,TX,75025,Web,07/30/2013,Closed with explanation,Yes,No,468981
07/29/2013,Debt collection,"Other (i.e. phone, health club, etc.)",Cont'd attempts collect debt not owed,Debt is not mine,"NRA Group, LLC",VA,20147,Web,08-07-2013,Closed with non-monetary relief,Yes,No,467801
07/29/2013,Debt collection,I do not know,Cont'd attempts collect debt not owed,Debt was paid,"SunTrust Banks, Inc.",FL,32818,Referral,08-01-2013,Closed with explanation,Yes,Yes,475728
07/29/2013,Credit card,,Billing statement,,Citibank,OH,45247,Referral,07/30/2013,Closed with explanation,Yes,Yes,469026
07/29/2013,Mortgage,Other mortgage,"Loan servicing, payments, escrow account",,Wells Fargo & Company,NV,89511,Referral,07/30/2013,Closed with explanation,Yes,Yes,469035
07/29/2013,Mortgage,Other mortgage,"Loan modification,collection,foreclosure",,Bank of America,NC,27949,Referral,07/30/2013,Closed with non-monetary relief,Yes,No,469037
07/29/2013,Mortgage,Other mortgage,"Loan servicing, payments, escrow account",,JPMorgan Chase & Co.,CA,90703,Referral,07/30/2013,Closed with explanation,Yes,No,469284
07/29/2013,Mortgage,Other mortgage,"Loan modification,collection,foreclosure",,Citibank,CA,95821,Referral,07/31/2013,Closed with explanation,Yes,Yes,480488
07/29/2013,Debt collection,Credit card,Communication tactics,Frequent or repeated calls,"Asset Management Professionals, LLC",PA,19145,Phone,08-01-2013,Closed with explanation,No,,468904
